{
 "IMG_7747": {
  "esc": {
   "exp": 0.432,
   "wb": [
    0.8810437215159446,
    1.0,
    1.0746611417809298
   ],
   "clase": "retrato",
   "black_src": 0.0013646884337067604,
   "skin_delta": [
    0.016,
    0.026
   ],
   "sat_trim": 1.24,
   "anchor_k": 0.4,
   "skin_warm": 1.9,
   "dens_k": 1.55
  },
  "pre": {}
 },
 "IMG_7749": {
  "esc": {
   "exp": 0.432,
   "wb": [
    0.9677298215905695,
    1.0,
    1.0223664332078597
   ],
   "clase": "paisaje",
   "black_src": 0.0010481364391744137,
   "skin_delta": [
    0.013,
    0.02
   ],
   "sat_trim": 1.3,
   "anchor_k": 0.4,
   "skin_warm": 1.6,
   "dens_k": 1.6,
   "agua_gain": 2.4,
   "agua_low": 140.0,
   "agua_dh": 8.0,
   "agua_cgate": 0.012
  },
  "pre": {}
 },
 "IMG_7750": {
  "esc": {
   "exp": 0.42,
   "wb": [
    1.0239272747973818,
    1.0,
    1.100773154478567
   ],
   "clase": "paisaje",
   "black_src": 0.0005,
   "skin_delta": [
    0.01,
    0.014
   ],
   "sat_trim": 1.32,
   "anchor_k": 0.4,
   "skin_warm": 1.3,
   "dens_k": 1.65,
   "agua_gain": 2.4,
   "agua_low": 140.0,
   "agua_dh": 8.0,
   "agua_cgate": 0.012
  },
  "pre": {}
 },
 "IMG_7751": {
  "esc": {
   "exp": 0.48,
   "wb": [
    1.0,
    1.0,
    1.1290823328467812
   ],
   "clase": "retrato",
   "black_src": 0.001269586868584156,
   "skin_delta": [
    0.016,
    0.026
   ],
   "sat_trim": 1.2,
   "anchor_k": 0.4,
   "skin_warm": 1.9,
   "dens_k": 1.5
  },
  "pre": {}
 },
 "IMG_7753": {
  "esc": {
   "exp": 0.9555806089500316,
   "wb": [
    0.9164183434114185,
    1.0,
    1.0805023463025623
   ],
   "clase": "retrato",
   "black_src": 0.0005,
   "skin_delta": [
    0.008,
    0.012
   ],
   "sat_trim": 1.05,
   "anchor_k": 0.8,
   "skin_warm": 1.2,
   "dens_k": 1.2
  },
  "pre": {}
 },
 "IMG_7754": {
  "esc": {
   "exp": 0.49199999999999994,
   "wb": [
    1.0,
    1.0,
    1.0
   ],
   "clase": "retrato",
   "black_src": 0.0005,
   "skin_delta": [
    0.012,
    0.018
   ],
   "sat_trim": 1.3,
   "anchor_k": 0.4,
   "skin_warm": 1.5,
   "dens_k": 1.45
  },
  "pre": {
   "fill": 8.0,
   "fill_piv": 0.11,
   "fill_mask": "persona",
   "dehaze": 0.15,
   "dehaze_gate": 0.25,
   "wb_ventana": [
    1.04,
    1.0,
    0.93
   ]
  }
 },
 "broll_pool": {
  "esc": {
   "exp": 0.432,
   "wb": [
    0.9573008223180814,
    1.0,
    1.0223664332078597
   ],
   "clase": "paisaje",
   "black_src": 0.0008280158266425133,
   "skin_delta": [
    0.013,
    0.02
   ],
   "sat_trim": 1.3,
   "anchor_k": 0.4,
   "skin_warm": 1.6,
   "dens_k": 1.6,
   "agua_gain": 2.4,
   "agua_low": 140.0,
   "agua_dh": 8.0,
   "agua_cgate": 0.012
  },
  "pre": {}
 }
}